City_ID,City,Country,Date,Lat,Lng,Max Temp,Humidity,Cloudiness,Wind Speed
0,Bambous Virieux,MU,2022-05-06 02:00:30,-20.3428,57.7575,75.45,88,40,18.41
1,Iqaluit,CA,2022-05-06 01:59:07,63.7506,-68.5145,13.73,79,20,13.8
2,Jamestown,US,2022-05-06 01:59:08,42.097,-79.2353,54.52,69,100,5.55
3,Tsivilsk,RU,2022-05-06 02:01:14,55.8611,47.4664,31.21,60,2,5.53
4,Port Alfred,ZA,2022-05-06 01:58:51,-33.5906,26.891,68.79,51,0,10.16
5,Ponta Do Sol,PT,2022-05-06 02:01:17,32.6667,-17.1,63.72,72,100,3.29
6,Taltal,CL,2022-05-06 02:01:18,-25.4,-70.4833,62.58,81,100,2.42
7,Requena,ES,2022-05-06 02:01:21,39.4883,-1.1004,46.53,70,3,5.48
8,Ushuaia,AR,2022-05-06 02:01:23,-54.8,-68.3,37.81,98,82,11.36
9,Honningsvag,NO,2022-05-06 02:01:24,70.9821,25.9704,37.15,81,100,17.27
10,Ribeira Grande,PT,2022-05-06 02:01:26,38.5167,-28.7,63.39,86,100,27.67
11,Sambava,MG,2022-05-06 02:01:28,-14.2667,50.1667,72.66,85,10,8.37
12,San Andres,CO,2022-05-06 02:01:31,12.5847,-81.7006,81.0,85,100,14.88
13,Cape Town,ZA,2022-05-06 01:59:08,-33.9258,18.4232,59.11,93,68,5.75
14,Namibe,AO,2022-05-06 02:01:34,-15.1961,12.1522,77.92,50,0,0.98
15,Lima,PE,2022-05-06 02:00:20,-12.0432,-77.0282,68.9,75,89,7.4
16,Akureyri,IS,2022-05-06 02:01:37,65.6835,-18.0878,32.68,95,100,10.83
17,Mizan Teferi,ET,2022-05-06 02:01:38,6.9833,35.5833,59.97,96,40,3.22
18,Fasa,IR,2022-05-06 02:01:40,28.9383,53.6482,67.69,25,0,1.59
19,Punta Arenas,CL,2022-05-06 02:01:42,-53.15,-70.9167,41.11,75,46,23.51
20,Pimentel,PE,2022-05-06 02:01:43,-6.8367,-79.9342,65.57,87,100,11.36
21,Ostrovnoy,RU,2022-05-06 02:01:45,68.0531,39.5131,24.87,91,64,19.64
22,Meridian,US,2022-05-06 02:01:34,43.6121,-116.3915,65.16,57,75,5.75
23,Victoria,HK,2022-05-06 02:00:03,22.2855,114.1577,82.96,75,8,11.01
24,Mar Del Plata,AR,2022-05-06 01:57:06,-38.0023,-57.5575,58.95,76,0,11.5
25,Shahpura,IN,2022-05-06 02:01:51,27.3833,75.9667,87.21,29,1,2.3
26,Hofn,IS,2022-05-06 02:01:56,64.2539,-15.2082,40.23,51,0,16.31
27,Torbay,CA,2022-05-06 01:57:48,47.6666,-52.7314,41.76,96,100,11.5
28,Awbari,LY,2022-05-06 02:00:36,26.5921,12.7805,79.14,14,83,16.51
29,Clyde River,CA,2022-05-06 02:02:00,70.4692,-68.5914,12.67,91,94,4.23
30,Thompson,CA,2022-05-06 02:00:38,55.7435,-97.8558,38.07,99,100,8.9
31,East London,ZA,2022-05-06 02:02:03,-33.0153,27.9116,69.71,38,0,6.49
32,Codrington,AU,2022-05-06 02:02:05,-38.2667,141.9667,50.72,88,100,11.1
33,Gamba,GA,2022-05-06 02:02:07,-2.65,10.0,77.49,94,100,5.59
34,Matara,LK,2022-05-06 02:02:08,5.9485,80.5353,80.51,85,99,11.32
35,Dikson,RU,2022-05-06 02:02:10,73.5069,80.5464,17.29,91,100,23.96
36,Den Helder,NL,2022-05-06 02:02:12,52.9599,4.7593,47.97,99,100,7.0
37,Bandarbeyla,SO,2022-05-06 02:02:13,9.4942,50.8122,79.83,90,43,10.36
38,Longyearbyen,SJ,2022-05-06 02:02:15,78.2186,15.6401,22.84,86,75,6.91
39,Puerto Leguizamo,CO,2022-05-06 02:02:16,-0.1934,-74.7819,70.03,100,99,2.57
40,Hermanus,ZA,2022-05-06 02:02:18,-34.4187,19.2345,58.51,91,36,7.45
41,Busselton,AU,2022-05-06 02:02:20,-33.65,115.3333,60.85,53,0,13.42
42,Georgetown,MY,2022-05-06 02:00:20,5.4112,100.3354,85.93,74,20,0.0
43,Rognan,NO,2022-05-06 02:02:24,67.0953,15.3878,41.14,83,96,7.76
44,Kamenka,RU,2022-05-06 02:02:26,51.3223,42.7678,36.12,66,51,6.22
45,Belmonte,BR,2022-05-06 02:02:29,-15.8631,-38.8828,79.57,81,0,11.25
46,Arraial Do Cabo,BR,2022-05-06 02:02:30,-22.9661,-42.0278,74.1,81,0,22.44
47,Port Blair,IN,2022-05-06 02:02:32,11.6667,92.75,84.54,72,85,7.7
48,Kidal,ML,2022-05-06 02:02:34,18.4411,1.4078,89.94,16,100,10.76
49,Port Elizabeth,ZA,2022-05-06 02:02:35,-33.918,25.5701,63.32,89,1,7.0
50,Dudinka,RU,2022-05-06 02:02:37,69.4058,86.1778,13.62,90,99,17.16
51,Vokhma,RU,2022-05-06 02:02:38,58.9303,46.7586,30.94,76,22,5.73
52,Inhambane,MZ,2022-05-06 02:02:40,-23.865,35.3833,66.56,93,1,5.37
53,Turukhansk,RU,2022-05-06 02:02:42,65.8167,87.9833,22.51,79,99,7.18
54,Sao Geraldo Do Araguaia,BR,2022-05-06 02:02:43,-6.4006,-48.555,75.58,89,61,1.95
55,Vestmannaeyjar,IS,2022-05-06 02:02:45,63.4427,-20.2734,40.39,72,52,26.89
56,Sangmelima,CM,2022-05-06 02:02:46,2.9333,11.9833,67.89,100,100,1.28
57,Hamilton,US,2022-05-06 02:02:48,39.1834,-84.5333,58.98,93,100,3.44
58,Narsaq,GL,2022-05-06 02:02:51,60.9167,-46.05,32.22,96,100,12.86
59,Shache,CN,2022-05-06 02:02:52,38.4167,77.2406,73.04,25,94,8.21
60,Salalah,OM,2022-05-06 02:01:30,17.0151,54.0924,78.53,84,0,1.95
61,Saldanha,ZA,2022-05-06 02:02:55,-33.0117,17.9442,58.23,94,66,0.6
62,Edd,ER,2022-05-06 02:02:57,13.9297,41.6925,85.03,69,95,1.34
63,Bredasdorp,ZA,2022-05-06 02:02:59,-34.5322,20.0403,56.8,94,10,5.08
64,Tromso,NO,2022-05-06 02:03:02,69.6496,18.957,39.38,75,75,31.07
65,Teguldet,RU,2022-05-06 02:03:03,57.3064,88.1667,52.39,44,0,2.77
66,Bilma,NE,2022-05-06 02:03:05,18.6853,12.9164,87.13,14,2,6.91
67,Chuy,UY,2022-05-06 02:03:06,-33.6971,-53.4616,54.68,83,54,4.68
68,Riviere-Au-Renard,CA,2022-05-06 02:03:11,48.9957,-64.3971,37.0,74,53,15.32
69,Zhezkazgan,KZ,2022-05-06 02:03:12,47.8043,67.7144,55.38,76,20,6.71
70,Hithadhoo,MV,2022-05-06 02:03:14,-0.6,73.0833,84.38,74,100,15.43
71,Upernavik,GL,2022-05-06 02:03:16,72.7868,-56.1549,2.55,94,58,4.9
72,Dingle,PH,2022-05-06 02:03:17,10.9995,122.6711,87.87,62,98,11.18
73,Thomaston,US,2022-05-06 02:02:18,32.8882,-84.3266,79.11,70,0,3.44
74,Bawku,GH,2022-05-06 02:03:22,11.0616,-0.2417,86.7,45,90,6.8
75,Nouadhibou,MR,2022-05-06 02:03:25,20.931,-17.0347,64.42,84,39,17.11
76,Santa Cruz De Tenerife,ES,2022-05-06 02:03:27,28.4682,-16.2546,64.72,88,0,8.05
77,Rio Gallegos,AR,2022-05-06 02:02:54,-51.6226,-69.2181,43.18,62,65,31.38
78,Talara,PE,2022-05-06 02:03:30,-4.5772,-81.2719,67.64,85,99,13.71
79,Cidreira,BR,2022-05-06 02:03:31,-30.1811,-50.2056,63.28,68,63,5.39
80,Berlevag,NO,2022-05-06 02:03:33,70.8578,29.0864,35.4,91,100,12.06
81,Mogadishu,SO,2022-05-06 02:03:35,2.0371,45.3438,80.92,81,84,13.82
82,Ilulissat,GL,2022-05-06 02:03:36,69.2167,-51.1,19.42,63,3,0.0
83,Marechal Candido Rondon,BR,2022-05-06 02:03:30,-24.5561,-54.0567,60.96,87,52,3.62
84,Paamiut,GL,2022-05-06 02:03:39,61.994,-49.6678,32.11,82,100,8.5
85,Aljezur,PT,2022-05-06 02:03:41,37.3191,-8.8033,58.17,78,0,6.71
86,Hearst,CA,2022-05-06 01:59:02,49.6835,-83.6665,41.47,81,100,5.97
87,Solwezi,ZM,2022-05-06 02:03:44,-12.1688,26.3894,54.09,94,100,3.94
88,Kindia,GN,2022-05-06 02:03:45,10.0569,-12.8658,75.52,66,66,3.22
89,Qaanaaq,GL,2022-05-06 02:03:47,77.484,-69.3632,12.11,76,13,7.49
90,Eenhana,NA,2022-05-06 02:03:49,-17.4667,16.3333,56.89,52,0,6.6
91,Kindu,CD,2022-05-06 02:00:35,-2.95,25.95,68.76,99,99,1.83
92,Saint-Denis,FR,2022-05-06 02:03:52,48.9167,2.3333,53.11,85,0,8.05
93,Hobyo,SO,2022-05-06 02:03:53,5.3505,48.5268,81.91,80,13,13.18
94,Yelan-Koleno,RU,2022-05-06 02:03:55,51.1523,41.2306,36.66,68,7,5.64
95,Zhanaozen,KZ,2022-05-06 02:03:56,43.3,52.8,63.79,65,100,18.43
96,Macusani,PE,2022-05-06 02:03:58,-14.0833,-70.4333,35.06,91,74,1.12
97,Gordeyevka,RU,2022-05-06 02:04:00,52.9569,31.9703,38.44,76,53,6.17
98,Mashhad,IR,2022-05-06 02:01:20,36.297,59.6062,62.74,82,0,6.91
99,Saint-Augustin,CA,2022-05-06 02:04:03,51.226,-58.6502,36.45,75,43,6.31
100,Yenagoa,NG,2022-05-06 02:04:04,4.9247,6.2642,77.07,95,100,2.77
101,Grindavik,IS,2022-05-06 02:04:06,63.8424,-22.4338,36.9,80,40,18.41
102,Lagos,NG,2022-05-06 02:04:07,6.5833,3.75,77.72,92,100,4.72
103,Saint-Pierre,RE,2022-05-06 02:00:14,-21.3393,55.4781,76.68,78,20,26.46
104,Shelburne,CA,2022-05-06 02:04:10,44.0787,-80.2041,49.3,74,100,3.6
105,Valparaiso,CL,2022-05-06 02:04:12,-33.0393,-71.6273,57.47,85,100,2.3
106,Opuwo,NA,2022-05-06 02:04:14,-18.0607,13.84,61.61,41,0,7.65
107,Talcahuano,CL,2022-05-06 02:04:15,-36.7167,-73.1167,53.28,94,100,5.75
108,Faya,SA,2022-05-06 02:04:17,18.3851,42.4509,64.92,43,75,3.96
109,Jalu,LY,2022-05-06 02:04:22,29.0331,21.5482,68.4,28,0,10.38
110,Vagur,FO,2022-05-06 02:04:23,61.4732,-6.8119,47.37,96,100,27.6
111,Arlit,NE,2022-05-06 02:04:25,18.7369,7.3853,89.17,13,10,6.93
112,Carnarvon,AU,2022-05-06 02:04:27,-24.8667,113.6333,77.59,37,0,14.34
113,Mehamn,NO,2022-05-06 02:04:28,71.0357,27.8492,36.01,90,100,13.09
114,Shediac,CA,2022-05-06 02:04:30,46.2198,-64.5411,41.09,84,80,4.27
115,Olinda,BR,2022-05-06 02:04:31,-8.0089,-34.8553,82.13,74,40,9.22
116,Goderich,CA,2022-05-06 02:03:46,43.7501,-81.7165,47.91,78,100,6.62
117,Muros,ES,2022-05-06 02:04:34,42.7762,-9.0603,54.84,75,12,9.71
118,Jijiga,ET,2022-05-06 02:04:38,9.35,42.8,64.11,78,6,5.37
119,Iracoubo,GF,2022-05-06 02:04:41,5.4802,-53.2011,78.12,88,100,8.68
120,Saint Anthony,US,2022-05-06 02:00:21,45.0205,-93.218,60.73,52,40,0.0
121,Aksehir,TR,2022-05-06 02:04:44,38.3575,31.4164,39.87,85,7,6.46
122,Ormara,PK,2022-05-06 02:04:46,25.2088,64.6357,79.88,71,0,7.56
123,Saint-Philippe,RE,2022-05-06 02:04:47,-21.3585,55.7679,76.59,86,55,16.06
124,Cairo,EG,2022-05-06 02:00:23,30.0626,31.2497,61.56,72,0,10.36
125,Luderitz,NA,2022-05-06 02:04:50,-26.6481,15.1594,59.45,78,0,9.35
126,Qurayyat,SA,2022-05-06 02:04:52,31.3318,37.3428,56.59,63,36,15.66
127,Santa Rosa,PH,2022-05-06 02:00:17,14.3122,121.1114,93.09,66,17,8.75
128,Nanortalik,GL,2022-05-06 02:04:55,60.1432,-45.2371,34.39,92,100,14.65
129,Belvedere Marittimo,IT,2022-05-06 02:04:56,39.6179,15.8617,61.39,75,100,9.78
130,Porto Novo,BJ,2022-05-06 02:04:58,6.4965,2.6036,79.63,84,95,4.79
131,Olavarria,AR,2022-05-06 02:05:00,-36.8927,-60.3225,55.02,78,100,7.0
132,Saint-Francois,FR,2022-05-06 02:05:03,46.4154,3.9054,45.84,93,14,2.3
133,Saint George,US,2022-05-06 02:05:04,37.1041,-113.5841,83.95,12,0,6.91
134,Itarema,BR,2022-05-06 02:05:06,-2.9248,-39.9167,75.09,91,44,9.17
135,Escanaba,US,2022-05-06 02:05:08,45.7453,-87.0646,48.25,71,0,3.44
136,Teguise,ES,2022-05-06 02:05:09,29.0605,-13.564,61.02,82,0,17.27
137,Nagornskiy,RU,2022-05-06 02:05:11,58.7731,57.5451,26.78,76,6,8.9
138,Garowe,SO,2022-05-06 02:05:12,8.4054,48.4845,81.0,64,3,3.04
139,Cabanas,CU,2022-05-06 02:05:14,22.9758,-82.9219,77.94,78,6,7.67
140,Pau Brasil,BR,2022-05-06 02:05:16,-15.4642,-39.6511,69.78,98,6,2.3
141,Laureles,US,2022-05-06 02:05:17,26.1092,-97.4941,83.1,69,0,13.8
142,Najran,SA,2022-05-06 02:05:19,17.4924,44.1277,76.17,41,3,4.85
143,Pretoria,ZA,2022-05-06 02:05:20,-25.7449,28.1878,54.84,42,0,2.91
144,Necochea,AR,2022-05-06 02:05:22,-38.5473,-58.7368,55.89,69,85,11.72
145,Empangeni,ZA,2022-05-06 02:05:24,-28.762,31.8933,59.85,91,1,4.12
146,Ferkessedougou,CI,2022-05-06 02:05:25,9.6,-5.2,79.03,66,43,7.65
147,Aguimes,ES,2022-05-06 02:05:27,27.9054,-15.4461,61.43,77,20,17.27
148,Kajaani,FI,2022-05-06 02:00:56,64.2273,27.7285,42.85,70,0,6.91
149,Padang,ID,2022-05-06 02:05:30,-0.9492,100.3543,82.45,79,100,4.05
150,Le Port,RE,2022-05-06 02:05:31,-20.9373,55.2919,77.0,79,16,9.13
151,Pokhara,NP,2022-05-06 02:05:33,28.2333,83.9833,70.36,78,74,1.68
152,Sassandra,CI,2022-05-06 02:05:35,4.95,-6.0833,79.12,87,67,2.53
153,Syedove,UA,2022-05-06 02:05:36,47.0768,38.156,51.94,54,100,21.85
154,Bulawayo,ZW,2022-05-06 02:05:39,-20.15,28.5833,52.7,80,1,4.65
155,Tasiilaq,GL,2022-05-06 02:05:41,65.6145,-37.6368,23.16,71,11,5.82
156,Sao Filipe,CV,2022-05-06 02:05:42,14.8961,-24.4956,71.76,82,17,5.5
157,Sisimiut,GL,2022-05-06 02:05:44,66.9395,-53.6735,20.7,66,0,9.53
158,Pisco,PE,2022-05-06 02:05:46,-13.7,-76.2167,63.01,88,0,14.97
159,Razlog,BG,2022-05-06 02:05:47,41.8863,23.4671,46.29,87,1,2.64
160,Buenos Aires,AR,2022-05-06 02:05:16,-34.6132,-58.3772,62.33,91,0,3.44
161,Cusset,FR,2022-05-06 02:05:50,46.13,3.4596,52.14,99,42,1.54
162,Novoagansk,RU,2022-05-06 02:05:52,61.9449,76.6625,31.6,97,100,12.06
163,Visby,SE,2022-05-06 02:05:55,57.6409,18.296,41.22,87,79,4.61
164,Geraldton,AU,2022-05-06 02:05:56,-28.7667,114.6,66.61,34,0,26.46
165,Cap-Aux-Meules,CA,2022-05-06 02:05:58,47.3821,-61.8597,37.65,78,60,20.15
166,Aripuana,BR,2022-05-06 02:06:00,-9.1667,-60.6333,72.7,92,84,1.66
167,Maldonado,UY,2022-05-06 02:02:18,-34.6667,-54.9167,56.23,88,72,5.57
168,Bonavista,CA,2022-05-06 02:06:03,48.6499,-53.1147,39.36,98,100,9.04
169,Bideford,GB,2022-05-06 02:06:04,51.0179,-4.2046,52.32,95,45,4.79
170,Mahebourg,MU,2022-05-06 02:06:06,-20.4081,57.7,75.49,88,40,18.41
171,Nizwa,OM,2022-05-06 02:06:07,22.9333,57.5333,78.26,28,0,2.26
172,Klaksvik,FO,2022-05-06 02:06:09,62.2266,-6.589,49.12,95,100,19.95
173,Aksu,CN,2022-05-06 02:06:11,41.1231,80.2644,76.35,25,76,6.02
174,Helensburgh,GB,2022-05-06 02:06:12,56.0061,-4.7265,54.41,97,100,5.26
175,Rio Branco,BR,2022-05-06 02:05:26,-9.9747,-67.81,72.21,88,0,0.0
176,Kasempa,ZM,2022-05-06 02:06:15,-13.4584,25.8338,55.8,86,39,4.85
177,Banepa,NP,2022-05-06 02:06:17,27.6298,85.5214,62.92,94,75,4.61
178,Tessalit,ML,2022-05-06 02:06:19,20.1986,1.0114,87.87,14,100,11.45
179,Veinticinco De Mayo,AR,2022-05-06 02:06:20,-35.4323,-60.1727,54.99,74,1,7.9
180,Moyale,KE,2022-05-06 02:06:22,3.5167,39.0584,64.24,89,10,2.01
181,Norrtalje,SE,2022-05-06 02:06:24,59.758,18.705,47.43,92,21,5.86
182,Tetouan,MA,2022-05-06 02:06:25,35.5711,-5.3724,57.22,79,0,4.25
183,Muisne,EC,2022-05-06 02:06:27,0.6,-80.0333,75.72,83,100,3.62
184,Kruisfontein,ZA,2022-05-06 02:06:29,-34.0033,24.7314,58.44,71,6,6.91
185,Ginda,IN,2022-05-06 02:06:30,30.6945,78.4932,67.41,46,54,1.92
186,Malanje,AO,2022-05-06 02:06:32,-9.5402,16.341,62.78,78,87,3.24
187,Pueblo Rico,CO,2022-05-06 02:06:33,5.2383,-76.0364,62.83,99,100,1.79
188,Jaciara,BR,2022-05-06 02:02:41,-15.9653,-54.9683,61.75,53,0,3.02
189,Vardo,NO,2022-05-06 02:06:36,70.3705,31.1107,35.15,96,100,14.9
190,Kastamonu,TR,2022-05-06 02:02:09,41.5,33.6667,42.37,95,100,5.41
191,Komsomolskiy,UZ,2022-05-06 02:06:39,40.4272,71.7189,66.92,68,100,2.3
192,Sur,OM,2022-05-06 02:06:41,22.5667,59.5289,80.96,54,0,6.38
193,Malaryta,BY,2022-05-06 02:06:43,51.7905,24.074,47.91,73,100,7.29
194,Jackson,US,2022-05-06 02:00:29,42.4165,-122.8345,58.86,85,100,1.43
195,Corrente,BR,2022-05-06 02:06:46,-3.7367,-43.3394,73.26,97,99,2.39
196,Conde,BR,2022-05-06 02:01:59,-7.2597,-34.9075,76.37,85,100,7.72
197,Gualeguay,AR,2022-05-06 02:06:49,-33.1416,-59.3097,55.62,92,0,6.44
198,Castro,BR,2022-05-06 02:06:50,-24.7911,-50.0119,55.26,92,5,2.37
199,Llanes,ES,2022-05-06 02:06:52,43.4198,-4.7549,54.43,74,0,2.66
200,Oranjemund,NA,2022-05-06 02:06:54,-28.55,16.4333,55.92,96,2,4.5
201,Geilo,NO,2022-05-06 02:06:55,60.5333,8.2076,38.39,79,22,7.52
202,Margate,GB,2022-05-06 02:06:57,51.3813,1.3862,51.69,79,22,1.99
203,Kosh-Agach,RU,2022-05-06 02:06:58,50.0,88.6667,46.87,57,100,1.32
204,Marsh Harbour,BS,2022-05-06 02:07:00,26.5412,-77.0636,76.57,76,0,3.15
205,Sikeston,US,2022-05-06 02:07:02,36.8767,-89.5879,64.44,94,100,3.44
206,Kamina,CD,2022-05-06 02:07:03,-8.7386,24.9906,61.12,86,16,3.2
207,Raudeberg,NO,2022-05-06 02:07:05,61.9875,5.1352,47.86,85,100,22.15
208,Manta,EC,2022-05-06 02:03:41,-0.95,-80.7333,72.99,85,93,3.6
209,Merritt Island,US,2022-05-06 02:05:18,28.5392,-80.672,81.09,79,0,9.22
210,Quimper,FR,2022-05-06 02:07:10,48.0,-4.1,48.78,93,0,3.44
211,Goedereede,NL,2022-05-06 02:07:12,51.8175,3.9806,52.0,86,72,4.65
212,Dolgorukovo,RU,2022-05-06 02:07:14,52.3195,38.3453,37.04,60,23,4.23
213,Illela,NG,2022-05-06 02:07:15,13.7292,5.2975,86.5,45,91,7.61
214,Arona,ES,2022-05-06 02:07:17,28.0996,-16.681,57.83,72,40,9.22
215,Gambela,ET,2022-05-06 02:07:19,8.25,34.5833,72.66,84,95,3.58
216,Albany,US,2022-05-06 02:07:20,42.6001,-73.9662,55.81,62,100,4.74
217,Sundumbili,ZA,2022-05-06 02:07:22,-29.1337,31.3975,61.57,66,0,4.85
218,San Rafael,AR,2022-05-06 02:03:42,-34.6177,-68.3301,58.28,42,0,2.17
219,Elizabeth City,US,2022-05-06 02:07:25,36.2946,-76.2511,64.02,88,100,10.36
220,Beloha,MG,2022-05-06 02:07:26,-25.1667,45.05,68.16,80,3,9.62
221,Malakal,SS,2022-05-06 02:07:28,9.5334,31.6605,84.11,50,99,3.78
222,Bud,US,2022-05-06 02:07:30,39.447,-86.1758,57.22,97,100,12.95
223,Mozarlandia,BR,2022-05-06 02:07:31,-14.7447,-50.5706,74.5,65,1,5.32
224,Zaysan,KZ,2022-05-06 02:07:33,47.4667,84.8667,62.47,50,100,3.15
225,Lircay,PE,2022-05-06 02:07:34,-12.9896,-74.7205,45.64,89,46,3.06
226,Karpathos,GR,2022-05-06 02:07:36,35.507,27.2132,64.36,63,0,11.5
227,Hualmay,PE,2022-05-06 02:07:38,-11.0964,-77.6139,64.42,89,26,9.69
228,Cayenne,GF,2022-05-06 02:07:39,4.9333,-52.3333,81.09,1,75,3.0
229,Ocala,US,2022-05-06 02:06:16,29.1872,-82.1401,80.96,76,0,0.0
230,Aleksandro-Nevskiy,RU,2022-05-06 02:07:42,53.4751,40.2095,36.09,67,51,4.38
231,Tsogni,GA,2022-05-06 02:07:44,-2.7942,10.0988,76.96,94,100,5.73
232,Brae,GB,2022-05-06 02:07:46,60.3964,-1.353,49.64,97,100,21.3
233,Peniche,PT,2022-05-06 02:07:47,39.3558,-9.3811,58.28,92,1,6.33
234,Caravelas,BR,2022-05-06 02:07:49,-17.7125,-39.2481,79.27,82,1,10.54
235,Jacareacanga,BR,2022-05-06 02:07:50,-6.2222,-57.7528,73.62,99,70,1.77
236,Husavik,IS,2022-05-06 02:07:52,66.0449,-17.3389,32.11,96,100,24.61
237,Naryan-Mar,RU,2022-05-06 02:07:54,67.6713,53.087,16.07,87,53,8.55
238,Buritis,BR,2022-05-06 02:07:57,-15.6178,-46.4233,72.0,75,13,1.52
239,Asuncion,PY,2022-05-06 02:07:39,-25.3007,-57.6359,58.44,100,0,0.0
240,Luba,GQ,2022-05-06 02:08:00,3.4568,8.5547,79.32,84,100,5.73
241,Antsohihy,MG,2022-05-06 02:08:01,-14.8796,47.9875,71.62,77,2,5.75
242,Atar,MR,2022-05-06 02:08:03,20.5169,-13.0499,78.57,20,2,8.72
243,Voznesenye,RU,2022-05-06 02:08:04,61.0106,35.4781,35.49,79,97,7.85
244,Xai-Xai,MZ,2022-05-06 02:08:06,-25.0519,33.6442,66.83,94,0,5.44
245,Kot Diji,PK,2022-05-06 02:08:08,27.3427,68.7083,82.42,34,0,7.18
246,Dondo,MZ,2022-05-06 02:08:09,-19.6094,34.7431,63.9,89,0,4.25
247,Sao Joao Da Barra,BR,2022-05-06 02:05:43,-21.6403,-41.0511,72.3,84,7,12.73
248,San Ramon De La Nueva Oran,AR,2022-05-06 02:08:12,-23.1322,-64.326,56.8,68,11,2.35
249,Kuloy,RU,2022-05-06 02:08:14,61.0305,42.4925,29.98,85,11,4.38
250,Nantucket,US,2022-05-06 02:08:15,41.2835,-70.0995,53.65,87,0,10.36
251,Altamira,BR,2022-05-06 02:08:17,-3.2033,-52.2064,75.2,94,100,2.26
252,Starotimoshkino,RU,2022-05-06 02:08:19,53.7191,47.5312,32.74,68,0,5.08
253,Bakchar,RU,2022-05-06 02:08:20,57.0186,82.0711,53.17,40,18,6.78
254,Santa Helena,BR,2022-05-06 02:08:22,-2.2311,-45.3,73.87,98,97,2.53
255,Grand-Lahou,CI,2022-05-06 02:08:23,5.1367,-5.0242,79.39,85,80,2.21
256,Ushtobe,KZ,2022-05-06 02:08:28,45.2514,77.9838,66.61,53,5,3.87
257,Harper,LR,2022-05-06 02:08:31,4.375,-7.7169,80.28,85,27,4.76
258,Lagoa,PT,2022-05-06 02:08:32,39.05,-27.9833,61.92,86,100,29.24
259,Eirunepe,BR,2022-05-06 02:08:34,-6.6603,-69.8736,73.83,90,100,0.67
260,Greenfield,US,2022-05-06 02:08:36,42.9614,-88.0126,51.3,78,100,6.91
261,Carauari,BR,2022-05-06 02:08:37,-4.8828,-66.8958,72.66,99,87,2.15
262,Antalya,TR,2022-05-06 02:03:40,36.7741,30.7178,64.09,40,0,10.36
263,Totma,RU,2022-05-06 02:08:40,59.9747,42.7642,29.62,89,14,4.12
264,Kampene,CD,2022-05-06 02:08:42,-3.6,26.6667,67.15,98,100,1.83
265,Los Llanos De Aridane,ES,2022-05-06 02:08:45,28.6585,-17.9182,60.55,78,0,9.22
266,Havelock,US,2022-05-06 02:08:46,34.8791,-76.9013,69.8,89,100,6.91
267,Antalaha,MG,2022-05-06 02:08:48,-14.9003,50.2788,71.96,89,27,6.04
268,Lukiv,UA,2022-05-06 02:08:50,51.0521,25.4006,46.18,73,68,7.38
269,Touros,BR,2022-05-06 02:08:51,-5.1989,-35.4608,77.0,92,100,9.24
270,Soyo,AO,2022-05-06 02:08:53,-6.1349,12.3689,76.87,89,34,3.83
271,Murray,US,2022-05-06 02:06:52,40.6669,-111.888,71.58,29,0,9.22
272,Grand-Santi,GF,2022-05-06 02:08:56,4.25,-54.3833,73.78,99,100,1.9
273,Gondar,ET,2022-05-06 02:08:57,12.6,37.4667,66.29,30,54,5.91
274,Ubinskoye,RU,2022-05-06 02:08:59,55.3068,79.6802,55.42,31,51,10.27
275,Kuytun,RU,2022-05-06 02:09:01,54.3419,101.5036,45.12,35,100,17.49
276,Eden,US,2022-05-06 02:09:02,36.4885,-79.7667,68.95,82,40,0.0
277,Esik,KZ,2022-05-06 02:09:04,43.3552,77.4525,60.22,61,4,1.52
278,Qasigiannguit,GL,2022-05-06 02:09:06,68.8193,-51.1922,19.65,88,3,6.11
279,Troitskoye,RU,2022-05-06 02:09:07,52.9821,84.6757,56.89,35,40,4.45
280,Atasu,KZ,2022-05-06 02:09:09,48.6814,71.6433,59.65,67,3,8.77
281,Sao Jose Da Coroa Grande,BR,2022-05-06 02:09:11,-8.8978,-35.1478,78.22,82,100,9.08
282,Chapais,CA,2022-05-06 02:09:12,49.7834,-74.8492,25.63,82,42,6.13
283,Trapani,IT,2022-05-06 02:09:14,37.8333,12.6667,66.88,61,80,29.89
284,Bronnoysund,NO,2022-05-06 02:09:15,65.4625,12.1997,42.8,93,100,13.0
285,Vila Velha,BR,2022-05-06 02:06:45,-20.3297,-40.2925,75.15,100,100,2.3
286,Chapada Dos Guimaraes,BR,2022-05-06 02:09:18,-15.4606,-55.7497,58.03,49,0,1.59
287,Abu Samrah,SY,2022-05-06 02:09:20,35.3029,37.1841,54.18,85,49,8.75
288,Pangnirtung,CA,2022-05-06 02:09:22,66.1451,-65.7125,9.79,91,31,5.46
289,Saint-Ambroise,CA,2022-05-06 02:09:23,48.5501,-71.3324,36.9,64,8,7.49
290,Isla Mujeres,MX,2022-05-06 02:09:25,21.2311,-86.731,82.45,82,0,11.92
291,Tatui,BR,2022-05-06 02:09:27,-23.3556,-47.8569,59.99,86,98,7.09
292,Sekoma,BW,2022-05-06 02:09:28,-24.4,23.8833,59.58,39,4,4.54
293,Coihaique,CL,2022-05-06 02:09:30,-45.5752,-72.0662,48.15,57,0,5.75
294,Otjiwarongo,NA,2022-05-06 02:09:31,-20.4637,16.6477,54.57,50,0,9.17
295,Vilhena,BR,2022-05-06 02:09:33,-12.7406,-60.1458,65.61,75,9,2.26
296,Cutervo,PE,2022-05-06 02:09:35,-6.379,-78.8157,51.17,96,94,3.15
297,Bubaque,GW,2022-05-06 02:09:36,11.2833,-15.8333,78.35,70,5,15.82
298,Bangui,CF,2022-05-06 02:09:25,4.3612,18.555,68.67,95,100,1.72
299,Korla,CN,2022-05-06 02:09:39,41.7597,86.1469,78.03,25,100,3.74
300,Bosaso,SO,2022-05-06 02:09:41,11.2842,49.1816,84.87,52,31,6.24
301,Buzmeyin,TM,2022-05-06 02:09:42,38.0507,58.2056,76.53,40,94,6.4
302,Sorland,NO,2022-05-06 02:09:44,67.667,12.6934,40.17,89,100,23.67
303,Tiznit,MA,2022-05-06 02:09:46,29.5833,-9.5,64.98,40,0,2.71
304,Hammerfest,NO,2022-05-06 02:09:47,70.6634,23.6821,39.65,70,75,9.22
305,Bathsheba,BB,2022-05-06 02:09:49,13.2167,-59.5167,79.41,83,40,16.11
306,Kemijarvi,FI,2022-05-06 02:09:50,66.7131,27.4306,30.02,99,58,5.57
307,Nampula,MZ,2022-05-06 02:09:52,-15.1165,39.2666,63.77,98,25,3.76
308,Gazanjyk,TM,2022-05-06 02:09:54,39.2446,55.5154,75.7,49,56,6.02
309,Goshen,US,2022-05-06 02:07:36,41.5823,-85.8344,52.83,92,100,8.05
310,Meulaboh,ID,2022-05-06 02:09:57,4.1363,96.1285,76.96,95,100,11.03
311,Yarovoye,RU,2022-05-06 02:09:59,52.9273,78.58,59.0,29,12,11.43
312,Tabuk,PH,2022-05-06 02:10:01,17.4189,121.4443,85.62,66,53,6.11
313,General Roca,AR,2022-05-06 02:10:03,-39.0333,-67.5833,59.63,45,0,5.48
314,Tucuma,BR,2022-05-06 02:10:05,-0.1833,-50.05,76.03,92,94,5.08
315,Dawlatabad,AF,2022-05-06 02:10:06,36.4141,64.9053,72.59,49,0,3.33
316,Maiduguri,NG,2022-05-06 02:10:08,11.8464,13.1603,89.6,36,97,8.97
317,Parrita,CR,2022-05-06 02:10:10,9.5201,-84.3225,76.48,95,100,3.83
318,Nkayi,CG,2022-05-06 02:10:12,-4.1841,13.2884,73.04,96,98,0.74
319,George,ZA,2022-05-06 02:10:14,-33.963,22.4617,53.15,100,40,8.05
320,Lebu,CL,2022-05-06 02:10:15,-37.6167,-73.65,51.82,85,0,3.62
321,Aktau,KZ,2022-05-06 02:10:18,43.65,51.2,61.38,86,75,4.79
322,Bengkulu,ID,2022-05-06 02:10:20,-3.8004,102.2655,82.49,71,82,1.07
323,Manavalakurichi,IN,2022-05-06 02:10:22,8.1333,77.3,82.72,80,98,10.11
324,Arenys De Mar,ES,2022-05-06 02:10:23,41.5819,2.5494,60.62,71,1,4.41
325,Herat,AF,2022-05-06 02:10:25,34.5,62.0,69.94,28,0,4.23
326,Otuzco,PE,2022-05-06 02:10:27,-7.9,-78.5833,52.12,83,99,1.14
327,Mglin,RU,2022-05-06 02:10:28,53.0591,32.8475,38.14,74,71,5.7
328,Le Vauclin,MQ,2022-05-06 02:10:30,14.5452,-60.8388,78.85,78,40,11.5
329,Mitu,CO,2022-05-06 02:10:32,1.1983,-70.1733,70.56,99,96,1.52
330,Sinnamary,GF,2022-05-06 02:10:33,5.3833,-52.95,78.19,88,100,8.77
331,Mahibadhoo,MV,2022-05-06 02:10:35,3.7833,72.9667,83.77,71,94,11.81
332,Parana,AR,2022-05-06 02:08:20,-31.732,-60.5238,64.54,86,2,7.38
333,West Bay,KY,2022-05-06 02:10:38,19.3667,-81.4167,81.07,82,35,1.01
334,Sao Sebastiao,BR,2022-05-06 02:10:39,-23.76,-45.4097,69.28,89,98,6.76
335,Barcelona,ES,2022-05-06 02:06:00,41.3888,2.159,60.55,79,0,6.91
336,Kavaratti,IN,2022-05-06 02:10:44,10.5669,72.642,84.81,72,100,12.5
337,Birao,CF,2022-05-06 02:10:45,10.2849,22.7882,78.87,66,100,4.23
338,Piracicaba,BR,2022-05-06 02:06:55,-22.7253,-47.6492,56.97,91,0,2.68
339,Mumford,GH,2022-05-06 02:10:48,5.2618,-0.759,80.08,84,100,3.58
340,Igrim,RU,2022-05-06 02:10:50,63.1906,64.4162,29.26,86,95,1.97
341,Barcelos,PT,2022-05-06 02:10:55,41.5388,-8.6151,60.85,79,7,3.65
342,Alamor,EC,2022-05-06 02:10:57,-4.0181,-80.0197,60.6,94,88,1.77
343,Uyemskiy,RU,2022-05-06 02:10:59,64.4743,40.8524,30.06,68,20,4.47
344,Vazhiny,RU,2022-05-06 02:11:00,60.9644,34.0222,34.48,84,74,5.32
345,Praia Da Vitoria,PT,2022-05-06 02:11:02,38.7333,-27.0667,63.75,92,100,20.36
346,Oneonta,US,2022-05-06 02:07:56,42.4529,-75.0638,52.81,60,100,2.13
347,Lindi,TZ,2022-05-06 02:11:05,-10.0,39.7167,69.01,97,19,4.76
348,Pombas,CV,2022-05-06 02:11:07,17.1503,-25.0201,67.78,79,83,9.55
349,Abu Dhabi,AE,2022-05-06 02:09:47,24.4667,54.3667,80.96,59,0,16.71
350,Russkaya Polyana,UA,2022-05-06 02:11:11,49.417,31.9201,42.46,79,14,5.7
351,Flums,CH,2022-05-06 02:11:13,47.0906,9.343,53.2,91,100,0.92
352,Mega,ET,2022-05-06 02:11:15,4.05,38.3,57.4,93,13,6.06
353,Adiake,CI,2022-05-06 02:11:17,5.2863,-3.304,78.82,87,88,3.78
354,Pitimbu,BR,2022-05-06 02:11:18,-7.4706,-34.8086,77.59,80,100,9.51
355,Aktas,KZ,2022-05-06 02:11:20,49.7789,72.9608,46.15,50,4,8.86
356,Souillac,MU,2022-05-06 02:11:22,-20.5167,57.5167,75.58,88,40,18.41
357,Hambantota,LK,2022-05-06 02:11:24,6.1241,81.1185,82.06,78,72,17.07
358,Belaguntha,IN,2022-05-06 02:11:26,19.8833,84.65,86.72,55,25,3.65
359,Leh,IN,2022-05-06 02:11:28,34.1667,77.5833,44.35,53,64,3.47
360,Qaqortoq,GL,2022-05-06 02:11:29,60.7167,-46.0333,34.14,94,100,15.21
361,Abingdon,GB,2022-05-06 02:11:31,51.6711,-1.2828,52.92,94,100,4.34
362,Monrovia,LR,2022-05-06 02:11:33,6.3005,-10.7969,75.4,89,98,2.91
363,Wanlaweyn,SO,2022-05-06 02:11:35,2.6185,44.8938,77.27,84,40,11.88
364,Gunjur,GM,2022-05-06 02:11:37,13.2019,-16.7339,72.54,75,0,15.55
365,Cururupu,BR,2022-05-06 02:11:38,-1.8283,-44.8683,74.52,97,51,3.13
366,Fomboni,KM,2022-05-06 02:11:40,-12.28,43.7425,82.33,69,5,17.56
367,Lienz,AT,2022-05-06 02:11:42,46.8289,12.769,52.9,94,100,1.28
368,Itupiranga,BR,2022-05-06 02:11:44,-5.1347,-49.3267,77.32,94,9,2.13
369,Troitsko-Pechorsk,RU,2022-05-06 02:11:45,62.7084,56.1964,28.4,79,25,7.16
370,Boende,CD,2022-05-06 02:11:47,-0.2167,20.8667,70.7,99,90,1.66
371,Timizart,DZ,2022-05-06 02:11:48,36.8,4.2667,54.52,91,70,6.29
372,Pinega,RU,2022-05-06 02:11:50,64.7001,43.3936,27.19,78,32,4.03
373,Barmer,IN,2022-05-06 02:11:52,25.75,71.3833,84.27,39,0,10.78
374,Morant Bay,JM,2022-05-06 02:11:53,17.8815,-76.4093,82.02,84,22,7.47
375,Oktyabrskoye,RU,2022-05-06 02:11:55,43.0645,44.7417,46.54,93,100,11.18
376,Rocha,UY,2022-05-06 02:09:27,-34.4833,-54.3333,52.93,88,91,5.44
377,Marawi,PH,2022-05-06 02:11:58,7.9986,124.2928,81.64,63,100,2.66
378,Kempele,FI,2022-05-06 02:11:59,64.9131,25.5034,35.62,87,0,8.05
379,Abnub,EG,2022-05-06 02:12:01,27.2696,31.1511,62.58,46,0,11.79
380,Eydhafushi,MV,2022-05-06 02:12:03,5.1033,73.0708,84.29,74,100,10.76
381,La Sarre,CA,2022-05-06 02:09:56,48.8002,-79.1996,36.05,64,28,8.48
382,Abrau-Dyurso,RU,2022-05-06 02:12:06,44.69,37.59,51.26,92,100,19.69
383,Gnjilane,XK,2022-05-06 02:12:08,42.4604,21.4699,53.58,77,32,2.33
384,Camapua,BR,2022-05-06 02:12:09,-19.5314,-54.0439,59.47,79,0,5.53
385,Sombrio,BR,2022-05-06 02:12:11,-29.1139,-49.6167,60.19,82,48,5.66
386,Dmytrivka,UA,2022-05-06 02:12:13,45.9717,28.9864,46.06,58,0,7.27
387,Asbe Teferi,ET,2022-05-06 02:12:15,9.0833,40.8667,59.94,78,67,4.92
388,San Ramon,US,2022-05-06 02:12:17,37.7799,-121.978,66.6,65,0,10.36
389,Kerman,IR,2022-05-06 02:12:19,30.2832,57.0788,60.66,29,0,0.0
390,Bonfim,BR,2022-05-06 02:12:20,3.0833,-59.95,81.18,72,99,2.26
391,Derzhavinsk,KZ,2022-05-06 02:12:22,51.1,66.3167,56.82,52,71,12.53
392,Chahal,GT,2022-05-06 02:12:25,15.75,-89.5667,76.39,95,100,4.52
393,Kambove,CD,2022-05-06 02:12:27,-10.8764,26.5969,55.71,93,66,4.36
394,Severodvinsk,RU,2022-05-06 02:12:28,64.5635,39.8302,30.11,77,100,9.08
395,Debre Birhan,ET,2022-05-06 02:12:30,9.6833,39.5333,49.15,50,12,2.8
396,Manga,BF,2022-05-06 02:12:31,11.6636,-1.0731,86.34,40,95,7.96
397,Saint-Joseph,RE,2022-05-06 02:12:34,-21.3667,55.6167,75.58,82,33,16.02
398,Cordoba,AR,2022-05-06 02:11:04,-31.4135,-64.1811,62.76,56,0,8.05
399,Buraydah,SA,2022-05-06 02:12:37,26.326,43.975,77.38,24,0,8.23
400,Adrar,MR,2022-05-06 02:12:39,20.5022,-10.0711,76.62,20,5,10.54
401,Balkhash,KZ,2022-05-06 02:12:41,46.844,74.9804,59.61,67,0,4.47
402,Ancud,CL,2022-05-06 02:12:42,-41.8697,-73.8203,53.64,88,95,8.99
403,Oussouye,SN,2022-05-06 02:12:44,12.485,-16.5469,75.25,61,2,4.94
404,Maceio,BR,2022-05-06 02:12:45,-9.6658,-35.7353,78.24,83,20,3.44
405,Talnakh,RU,2022-05-06 02:12:47,69.4865,88.3972,13.21,89,99,13.4
406,Tansen,NP,2022-05-06 02:12:49,27.8673,83.5467,65.53,74,74,2.48
407,Bloemfontein,ZA,2022-05-06 02:10:01,-29.1211,26.214,51.71,47,0,0.67
408,San Cristobal,VE,2022-05-06 02:12:52,7.7669,-72.225,73.58,90,100,2.64
409,Pembroke,CA,2022-05-06 02:12:53,45.8168,-77.1162,47.3,66,91,3.83
410,Sabang,ID,2022-05-06 02:12:55,5.8933,95.3214,80.69,83,100,16.33
411,Mangan,IN,2022-05-06 02:12:57,27.5167,88.5333,72.82,85,91,3.09
412,Bermejo,AR,2022-05-06 02:12:58,-32.8833,-68.8,58.69,44,1,1.25
413,Inta,RU,2022-05-06 02:13:00,66.0317,60.1659,22.75,84,86,7.14
414,Binga,ZW,2022-05-06 02:13:02,-17.6203,27.3414,64.9,73,19,1.66
415,Woodstock,CA,2022-05-06 02:12:48,43.1334,-80.7497,53.65,63,100,6.93
416,Usinsk,RU,2022-05-06 02:13:06,65.9939,57.5281,23.2,69,57,11.25
417,Floresta,BR,2022-05-06 02:13:08,-8.6011,-38.5686,74.25,80,81,11.65
418,Richards Bay,ZA,2022-05-06 02:13:09,-28.783,32.0377,63.64,94,1,6.82
419,La Primavera,CO,2022-05-06 02:13:11,5.4906,-70.4092,75.83,90,86,4.43
420,Niagara Falls,CA,2022-05-06 02:12:36,43.1001,-79.0663,55.87,61,0,5.75
421,Iquique,CL,2022-05-06 02:13:14,-20.2208,-70.1431,64.44,81,57,2.3
422,La Rioja,ES,2022-05-06 02:13:15,42.25,-2.5,37.18,92,53,4.32
423,Grand Gaube,MU,2022-05-06 02:13:17,-20.0064,57.6608,75.6,80,71,10.0
424,Gat,IL,2022-05-06 02:13:19,31.61,34.7642,63.28,100,60,11.1
425,Tenenkou,ML,2022-05-06 02:13:20,14.4572,-4.9169,90.34,13,63,8.23
426,Agucadoura,PT,2022-05-06 02:13:22,41.4318,-8.7804,61.25,80,8,4.07
427,Buchanan,LR,2022-05-06 02:13:24,5.8808,-10.0467,77.72,91,99,3.67
428,Yarim,YE,2022-05-06 02:13:25,14.298,44.3779,57.16,66,7,0.34
429,Alta Floresta,BR,2022-05-06 02:13:27,-9.8756,-56.0861,71.38,92,19,1.68
430,Wilmington,US,2022-05-06 02:10:07,34.2257,-77.9447,71.51,84,75,5.75
431,Colares,PT,2022-05-06 02:13:30,38.7992,-9.4469,59.79,70,0,5.99
432,Arys,KZ,2022-05-06 02:13:31,42.4252,68.795,68.74,59,95,5.44
433,Pueblo Nuevo,MX,2022-05-06 02:13:33,23.3833,-105.3833,59.09,52,1,0.96
434,Romitan,UZ,2022-05-06 02:13:37,39.9343,64.3814,62.55,82,0,2.3
435,Liverpool,GB,2022-05-06 02:09:53,53.4106,-2.9779,54.05,83,100,3.96
436,Suruc,TR,2022-05-06 02:13:40,36.9761,38.425,52.29,78,97,10.09
437,Koslan,RU,2022-05-06 02:13:42,63.4564,48.8989,27.37,76,28,3.8
438,Zamora,EC,2022-05-06 02:11:50,-4.0692,-78.9567,67.14,100,99,0.54
439,Bodden Town,KY,2022-05-06 02:13:45,19.2833,-81.25,81.0,79,28,10.69
440,Vila Franca Do Campo,PT,2022-05-06 02:13:46,37.7167,-25.4333,67.19,86,100,14.43
441,Puerto Del Rosario,ES,2022-05-06 02:13:48,28.5004,-13.8627,64.15,77,0,9.22
442,Schattdorf,CH,2022-05-06 02:13:50,46.8655,8.6547,52.32,99,100,0.67
443,Coswig,DE,2022-05-06 02:13:51,51.1333,13.5833,52.12,69,0,1.14
444,Barranca,PE,2022-05-06 02:13:53,-10.75,-77.7667,63.9,88,64,8.34
445,Constitucion,CL,2022-05-06 02:13:54,-35.3333,-72.4167,55.02,89,0,6.8
446,Natal,BR,2022-05-06 02:10:53,-5.795,-35.2094,75.85,100,40,3.44
447,Tambacounda,SN,2022-05-06 02:13:57,13.7539,-13.7586,91.24,19,10,3.62
448,Narasannapeta,IN,2022-05-06 02:14:00,18.4167,84.05,84.67,71,28,4.7
449,Atlantic City,US,2022-05-06 02:14:02,39.3643,-74.4229,55.02,83,0,4.61
450,Mamallapuram,IN,2022-05-06 02:14:04,12.6264,80.1722,86.05,75,100,10.25
451,Iranshahr,IR,2022-05-06 02:14:05,27.2025,60.6848,83.12,26,0,2.3
452,Tubuala,PA,2022-05-06 02:14:07,9.5167,-79.0333,79.61,86,100,4.41
453,Cravo Norte,CO,2022-05-06 02:14:09,6.3017,-70.2041,76.89,84,100,5.26
454,Kjopsvik,NO,2022-05-06 02:14:10,68.097,16.3742,42.17,96,100,6.6
455,Oltedal,NO,2022-05-06 02:14:12,58.831,6.0466,48.18,88,85,3.36
456,Dergachi,RU,2022-05-06 02:14:13,51.2328,48.7659,37.78,64,98,10.07
457,Laguna,US,2022-05-06 02:14:15,38.421,-121.4238,72.1,51,0,9.22
458,Comodoro Rivadavia,AR,2022-05-06 02:14:13,-45.8667,-67.5,55.26,38,0,31.07
459,Camacha,PT,2022-05-06 02:14:19,33.0833,-16.3333,60.22,77,40,8.05
460,Wattegama,LK,2022-05-06 02:14:21,6.7989,81.4808,79.18,81,78,3.49
461,Sistranda,NO,2022-05-06 02:14:23,63.7256,8.834,44.56,79,100,10.83
462,Bogatyr,RU,2022-05-06 02:14:24,53.4298,49.9455,34.29,59,0,13.42
463,Gouyave,GD,2022-05-06 02:14:26,12.1646,-61.7296,78.75,81,87,18.01
464,Ibimirim,BR,2022-05-06 02:14:27,-8.5406,-37.6903,70.29,87,92,6.51
465,Male,MV,2022-05-06 02:14:29,4.1748,73.5089,83.5,76,99,11.79
466,San Diego,US,2022-05-06 02:11:46,32.7153,-117.1573,79.57,76,40,12.66
467,Kuusamo,FI,2022-05-06 02:13:05,65.9667,29.1833,37.44,81,0,5.75
468,Vawkavysk,BY,2022-05-06 02:14:33,53.1561,24.4513,43.92,77,84,10.2
469,Mercedes,AR,2022-05-06 02:14:35,-34.6515,-59.4307,56.03,75,0,7.83
470,Morondava,MG,2022-05-06 02:14:37,-20.2833,44.2833,72.84,72,0,5.32
471,Guayaramerin,BO,2022-05-06 02:14:38,-10.8368,-65.3614,72.18,78,34,2.66
472,Muridke,PK,2022-05-06 02:14:40,31.8025,74.2617,82.42,25,0,4.23
473,Avigliana,IT,2022-05-06 02:14:42,45.0771,7.3986,55.47,87,100,4.47
474,Lerwick,GB,2022-05-06 02:14:43,60.1545,-1.1494,48.2,96,100,22.91
475,Tutoia,BR,2022-05-06 02:14:45,-2.7619,-42.2744,77.63,87,98,7.96
476,Guanica,PR,2022-05-06 02:14:46,17.9716,-66.908,79.11,88,84,7.25
477,Montepuez,MZ,2022-05-06 02:14:48,-13.1256,38.9997,63.43,98,14,3.65
478,Santa Fe,AR,2022-05-06 02:14:50,-31.6333,-60.7,64.99,85,0,4.0
479,Umm Lajj,SA,2022-05-06 02:14:51,25.0213,37.2685,74.46,62,0,10.69
480,Manica,FR,2022-05-06 02:14:53,49.0,-1.1667,49.19,88,61,2.13
481,Killybegs,IE,2022-05-06 02:14:54,54.6333,-8.45,53.47,93,100,12.37
482,Lyaskelya,RU,2022-05-06 02:14:56,61.7667,31.0167,38.43,77,100,5.08
483,Rio Grande,BR,2022-05-06 02:14:58,-32.035,-52.0986,60.1,72,58,2.98
484,Bhadasar,IN,2022-05-06 02:14:59,28.2833,74.3167,87.89,28,6,7.74
485,Karlshamn,SE,2022-05-06 02:15:01,56.1706,14.8619,39.69,95,68,6.42
486,Ashta,IN,2022-05-06 02:15:03,23.0167,76.7167,87.84,26,0,12.41
487,Shakawe,BW,2022-05-06 02:15:04,-18.3667,21.85,58.03,52,24,5.19
488,Korampallam,IN,2022-05-06 02:15:06,8.7667,78.1,84.49,70,40,4.61
489,Bartica,GY,2022-05-06 02:15:08,6.4,-58.6167,77.32,99,96,1.86
490,Gornopravdinsk,RU,2022-05-06 02:15:09,60.05,69.9,35.29,96,100,13.2
491,Rudbar,AF,2022-05-06 02:11:14,30.15,62.6,81.82,14,0,6.2
492,Isoka,ZM,2022-05-06 02:15:12,-10.1606,32.6335,56.91,98,80,1.16
493,Sorkjosen,NO,2022-05-06 02:15:14,69.8,20.9333,42.8,56,75,3.44
494,Humaita,BR,2022-05-06 02:15:16,-7.5061,-63.0208,73.18,97,15,2.01
495,Mangrol,IN,2022-05-06 02:15:17,21.1167,70.1167,81.32,72,0,9.57
496,Kirkwall,GB,2022-05-06 02:15:19,58.9848,-2.9587,51.96,87,20,12.66
497,Matane,CA,2022-05-06 02:14:05,48.8286,-67.522,36.79,73,100,14.72
498,Jumla,NP,2022-05-06 02:11:24,29.2747,82.1838,56.98,77,82,1.92
499,Ampere,BR,2022-05-06 02:15:23,-25.915,-53.4728,52.61,95,0,3.69
500,Touba,CI,2022-05-06 02:15:25,8.2833,-7.6833,73.24,82,100,2.68
501,Gidam,IN,2022-05-06 02:15:27,18.9833,81.4,84.49,48,87,3.36
502,Choma,ZM,2022-05-06 02:15:28,-16.8065,26.9531,57.34,77,9,3.47
503,Navirai,BR,2022-05-06 02:13:35,-23.065,-54.1906,64.04,79,100,2.19
504,Maridi,SS,2022-05-06 02:15:31,4.9158,29.4742,68.4,81,89,2.95
505,Cucuta,CO,2022-05-06 02:15:33,7.8833,-72.5053,80.55,65,40,11.5
506,Charlestown,AU,2022-05-06 02:12:05,-32.95,151.6667,69.69,47,2,1.99
507,Urumqi,CN,2022-05-06 02:15:36,43.801,87.6005,61.75,72,75,8.95
508,Viedma,AR,2022-05-06 02:15:37,-40.8135,-62.9967,56.5,63,17,3.11
509,Marquette,US,2022-05-06 02:12:39,46.5333,-87.6335,45.77,66,8,3.4
510,Negrar,IT,2022-05-06 02:15:40,45.5288,10.938,56.84,94,100,9.22
511,Mkushi,ZM,2022-05-06 02:15:42,-13.6202,29.3939,55.42,92,24,3.74
512,Turtas,RU,2022-05-06 02:15:45,58.9417,69.1325,44.51,86,100,8.19
513,Tabou,CI,2022-05-06 02:15:47,4.423,-7.3528,80.15,86,21,3.53
514,Road Town,VG,2022-05-06 02:15:48,18.4167,-64.6167,78.84,78,20,11.5
515,Ribas Do Rio Pardo,BR,2022-05-06 02:15:50,-20.4431,-53.7592,59.45,79,0,3.47
516,Suratgarh,IN,2022-05-06 02:12:34,29.3167,73.9,89.64,27,1,5.55
517,Somerset East,ZA,2022-05-06 02:15:53,-32.7217,25.588,64.0,31,0,8.34
518,Dakar,SN,2022-05-06 02:15:19,14.6937,-17.4441,72.48,81,0,18.43
519,Kattivakkam,IN,2022-05-06 02:15:56,13.2167,80.3167,87.89,89,94,10.67
520,Sao Miguel Do Araguaia,BR,2022-05-06 02:15:57,-13.275,-50.1628,76.05,69,100,3.78
521,Shiraz,IR,2022-05-06 02:15:11,29.6036,52.5388,67.44,28,75,4.61
522,Nicoya,CR,2022-05-06 02:16:00,10.1483,-85.452,78.64,87,88,3.04
523,Buffalo,US,2022-05-06 02:14:06,42.8865,-78.8784,55.15,55,100,8.05
524,Bhadravati,IN,2022-05-06 02:16:10,13.8667,75.7167,76.46,78,96,3.49
525,Treinta Y Tres,UY,2022-05-06 02:16:12,-33.2333,-54.3833,52.92,88,6,3.85
526,Rawson,AR,2022-05-06 02:16:13,-43.3002,-65.1023,59.4,57,67,11.99
527,Hirtshals,DK,2022-05-06 02:16:15,57.5881,9.9592,48.69,86,15,22.3
528,Coquimbo,CL,2022-05-06 02:14:50,-29.9533,-71.3436,57.83,88,100,2.06
529,Belen,TR,2022-05-06 02:16:18,36.4891,36.2233,48.34,82,40,6.91
530,Nova Esperanca,BR,2022-05-06 02:16:21,4.438,-61.1151,70.57,93,100,1.99
531,Damietta,EG,2022-05-06 02:16:22,31.4165,31.8133,62.51,73,0,12.97
532,Thinadhoo,MV,2022-05-06 02:16:25,0.5333,72.9333,83.66,75,100,12.24
533,La Plata,AR,2022-05-06 02:16:27,-34.9215,-57.9545,60.03,84,13,5.91
534,Anzhero-Sudzhensk,RU,2022-05-06 02:16:29,56.081,86.0285,52.16,41,5,2.24
535,Barra Da Estiva,BR,2022-05-06 02:16:30,-13.6261,-41.3269,66.15,70,3,5.37
536,Kedougou,SN,2022-05-06 02:16:32,12.5579,-12.1743,88.41,28,13,3.89
537,Arinos,BR,2022-05-06 02:16:34,-15.9169,-46.1056,69.93,81,1,1.97
538,Stephenville,US,2022-05-06 02:16:35,32.2207,-98.2023,69.93,58,0,3.44
539,Ramanathapuram,IN,2022-05-06 02:16:37,9.3833,78.8333,84.74,66,99,5.91
540,Beziers,FR,2022-05-06 02:16:40,43.3476,3.219,58.89,62,0,14.97
541,Krasnoarmeysk,RU,2022-05-06 02:16:41,51.0239,45.6969,36.52,61,61,7.78
542,Agirish,RU,2022-05-06 02:16:43,61.9247,63.0231,30.43,71,100,8.03
543,Pitsunda,GE,2022-05-06 02:16:45,43.1592,40.3378,50.18,87,95,9.08
544,Trindade,BR,2022-05-06 02:16:46,-16.6494,-49.4889,69.55,70,2,3.13
545,Oksfjord,NO,2022-05-06 02:16:48,70.2396,22.3479,39.27,86,100,13.18
546,Villaviciosa,ES,2022-05-06 02:16:50,43.4813,-5.4357,54.41,92,14,3.51
547,Koudougou,BF,2022-05-06 02:16:51,12.25,-2.3667,89.73,40,100,7.81
548,Ambad,IN,2022-05-06 02:16:53,19.6167,75.8,88.81,23,0,12.97
549,Nador,MA,2022-05-06 02:16:55,35.174,-2.9287,57.45,82,0,3.44
550,Pravokubanskiy,RU,2022-05-06 02:16:56,43.9172,41.8841,44.69,99,100,2.1
551,Can,TR,2022-05-06 02:16:58,40.0333,27.0524,46.02,91,2,2.01
552,Paita,PE,2022-05-06 02:17:00,-5.0892,-81.1144,67.89,81,95,13.71
553,Ayagoz,KZ,2022-05-06 02:17:01,47.9714,80.4392,61.38,54,0,6.89
554,Mustasaari,FI,2022-05-06 02:12:55,63.1142,21.6822,38.89,100,0,2.3
555,Chato,TZ,2022-05-06 02:17:04,-2.6378,31.7669,67.71,82,100,4.41
556,Madaoua,NE,2022-05-06 02:17:06,14.073,5.96,84.29,48,100,6.24
557,Salvador,SV,2022-05-06 02:17:07,13.8333,-88.9167,75.6,83,100,1.32
558,Boundiali,CI,2022-05-06 02:17:09,9.5217,-6.4869,75.0,77,100,5.37
559,Port Elgin,CA,2022-05-06 02:17:11,46.0487,-64.0868,41.68,75,73,5.57
560,Rodrigues Alves,BR,2022-05-06 02:17:12,-7.738,-72.6509,71.8,81,100,1.5
561,Praia,CV,2022-05-06 02:17:14,14.9215,-23.5087,70.34,83,0,11.5
562,Nalhati,IN,2022-05-06 02:17:16,24.3,87.8167,85.21,60,2,4.72
563,Dhidhdhoo,MV,2022-05-06 02:17:17,6.8833,73.1,82.89,74,100,13.89
564,Lahij,YE,2022-05-06 02:17:19,13.1667,44.5833,76.95,47,2,0.67
565,Kita,ML,2022-05-06 02:17:21,13.0349,-9.4895,89.89,21,84,3.85
566,Abdanan,IR,2022-05-06 02:17:22,32.9926,47.4198,62.82,41,0,2.62
567,Partyzany,UA,2022-05-06 02:17:24,46.3314,34.7503,52.14,58,100,14.5
568,Olafsvik,IS,2022-05-06 02:17:25,64.8945,-23.7142,35.89,67,30,19.22
569,Krasnoselkup,RU,2022-05-06 02:17:27,65.7,82.4667,19.35,76,70,4.34
570,Callaway,US,2022-05-06 02:17:29,30.153,-85.5699,75.99,89,0,8.05
571,Dutlwe,BW,2022-05-06 02:17:30,-23.9833,23.9,59.4,45,5,4.23
572,Lubango,AO,2022-05-06 02:17:32,-14.9172,13.4925,56.35,51,98,3.96
573,Santa Isabel,BR,2022-05-06 02:17:34,-23.3156,-46.2214,61.9,95,69,0.69
574,Sabla,NG,2022-05-06 02:17:35,12.7525,4.7077,86.18,44,100,7.52
575,Salinopolis,BR,2022-05-06 02:17:37,-0.6136,-47.3561,78.3,87,100,7.49
576,La Dolorita,VE,2022-05-06 02:17:39,10.4883,-66.7861,70.93,82,100,2.26
577,Stepnogorsk,KZ,2022-05-06 02:17:40,52.3544,71.8869,56.5,55,83,13.4
578,Henties Bay,NA,2022-05-06 02:17:42,-22.116,14.2845,63.07,73,0,7.07
579,San Lawrenz,MT,2022-05-06 02:17:43,36.0553,14.204,64.85,78,2,4.0
580,Sabha,LY,2022-05-06 02:17:45,27.0377,14.4283,77.41,13,7,18.39
581,Zyrardow,PL,2022-05-06 02:17:47,52.0488,20.446,58.8,100,100,4.27
582,Oistins,BB,2022-05-06 02:17:43,13.0667,-59.5333,78.89,83,40,16.11
583,Kalamare,BW,2022-05-06 02:17:50,-22.9337,26.5703,58.96,57,0,4.16
584,Yei,SS,2022-05-06 02:17:51,4.095,30.6779,68.23,82,63,4.27
585,Dennery,LC,2022-05-06 02:17:54,13.8996,-60.8879,80.69,74,20,17.27
586,Vincennes,FR,2022-05-06 02:17:56,48.85,2.4333,52.09,87,0,6.91
587,Sokoni,TZ,2022-05-06 02:17:58,-6.4333,39.55,78.04,82,19,15.9
588,Asyut,EG,2022-05-06 02:17:59,27.181,31.1837,62.91,45,0,11.97
589,Kibala,TD,2022-05-06 02:18:01,9.1104,18.3463,78.64,70,100,5.68
590,Panjab,AF,2022-05-06 02:18:02,34.388,67.0233,47.08,52,0,3.06
591,Tartus,SY,2022-05-06 02:18:04,34.889,35.8866,61.92,79,15,12.66
592,Birjand,IR,2022-05-06 02:18:06,32.8663,59.2211,68.47,22,20,11.5
593,Savelugu,GH,2022-05-06 02:18:07,9.6244,-0.8253,83.82,55,26,6.76
594,Beinamar,TD,2022-05-06 02:18:09,8.6698,15.3813,80.67,52,100,4.94
595,Centerville,US,2022-05-06 02:18:12,39.6284,-84.1594,57.09,95,100,9.22
